{"cameraMode":{"drawMode":0,"name":"Shaded","section":"Shading Mode"},"sceneLighting":true,"audioPlay":false,"sceneViewState":{"m_AlwaysRefresh":false,"showFog":true,"showSkybox":true,"showFlares":true,"showImageEffects":true,"showParticleSystems":true,"showVisualEffectGraphs":true,"m_FxEnabled":true},"in2DMode":false,"pivot":{"x":-0.5610944032669067,"y":1.030434489250183,"z":-1.0428274869918824},"rotation":{"x":-2.8814773145313668e-7,"y":0.0012086511123925448,"z":0.000014955403457861394,"w":-1.000037431716919},"size":4.70074462890625,"orthographic":true}