{"cameraMode":{"drawMode":0,"name":"Shaded","section":"Shading Mode"},"sceneLighting":true,"audioPlay":false,"sceneViewState":{"m_AlwaysRefresh":false,"showFog":true,"showSkybox":true,"showFlares":true,"showImageEffects":true,"showParticleSystems":true,"showVisualEffectGraphs":true,"m_FxEnabled":true},"in2DMode":false,"pivot":{"x":-6.339961051940918,"y":0.04350021481513977,"z":-0.0007939338684082031},"rotation":{"x":-0.026397615671157838,"y":-0.010789770632982254,"z":0.00022424038616009057,"w":-0.9996553659439087},"size":4.612640857696533,"orthographic":true}