{"cameraMode":{"drawMode":0,"name":"Shaded","section":"Shading Mode"},"sceneLighting":true,"audioPlay":false,"sceneViewState":{"m_AlwaysRefresh":false,"showFog":true,"showSkybox":true,"showFlares":true,"showImageEffects":true,"showParticleSystems":true,"showVisualEffectGraphs":true,"m_FxEnabled":true},"in2DMode":false,"pivot":{"x":453.27838134765627,"y":200.0989990234375,"z":86.95964813232422},"rotation":{"x":-0.026397615671157838,"y":-0.010789770632982254,"z":0.00022424038616009057,"w":-0.9996553659439087},"size":115.05038452148438,"orthographic":true}