{"cameraMode":{"drawMode":0,"name":"Shaded","section":"Shading Mode"},"sceneLighting":true,"audioPlay":false,"sceneViewState":{"m_AlwaysRefresh":false,"showFog":true,"showSkybox":true,"showFlares":true,"showImageEffects":true,"showParticleSystems":true,"showVisualEffectGraphs":true,"m_FxEnabled":true},"in2DMode":false,"pivot":{"x":-281.2823486328125,"y":238.62435913085938,"z":-47.18415451049805},"rotation":{"x":-0.009596639312803746,"y":-0.025196075439453126,"z":-0.0002415239141555503,"w":0.9996377825737},"size":630.2594604492188,"orthographic":true}