{"cameraMode":{"drawMode":0,"name":"Shaded","section":"Shading Mode"},"sceneLighting":true,"audioPlay":false,"sceneViewState":{"m_AlwaysRefresh":false,"showFog":true,"showSkybox":true,"showFlares":true,"showImageEffects":true,"showParticleSystems":true,"showVisualEffectGraphs":true,"m_FxEnabled":true},"in2DMode":false,"pivot":{"x":336.94549560546877,"y":460.6385192871094,"z":-189.0927276611328},"rotation":{"x":-0.009596639312803746,"y":-0.025196075439453126,"z":-0.0002415239141555503,"w":0.9996377825737},"size":627.3464965820313,"orthographic":true}