{"cameraMode":{"drawMode":0,"name":"Shaded","section":"Shading Mode"},"sceneLighting":true,"audioPlay":false,"sceneViewState":{"m_AlwaysRefresh":false,"showFog":true,"showSkybox":true,"showFlares":true,"showImageEffects":true,"showParticleSystems":true,"showVisualEffectGraphs":true,"m_FxEnabled":true},"in2DMode":false,"pivot":{"x":240.73577880859376,"y":246.71495056152345,"z":-104.09230041503906},"rotation":{"x":0.03709185868501663,"y":-0.07308410108089447,"z":0.0027199850883334877,"w":0.9966321587562561},"size":453.4583740234375,"orthographic":true}